id,category,question,answer
1,animals,"what is frog?","Frog is slimey"
1,animals,"what is frog?","Frog is slimey"
1,animals,"what is frog?","Frog is slimey"
1,animals,"what is frog?","Frog is slimey"
1,"an,imals","what is frog?","Frog is slimey"
1,animals,"what is frog?","Frog is slimey"
1,animals,"what is frog?","Frog is slimey"
1,animals,"what is cat?","cat is bitey"
1,animals,"what is cat?","cat is bitey"
1,animals,"what is cat?","cat is bitey"
1,animals,"what is cat?","WITH ROUTING"
1,animals,"what is cat?","WITH ROUTING"
100,test,"This is a Test post create","it worked!"
"[8, 9]",,*^$(&^)*&%,hi
